staffID,Staff_Name,Staff_Email
1,John Bridges,pdavidson@example.com
2,Sarah Bentley,ajohnson@example.net
3,Connie Cervantes,michele29@example.net
4,Jessica Stewart,xwilson@example.org
5,Cheryl Carpenter,christine96@example.org
6,Jessica Coleman,sandra03@example.org
7,Kelly Johnston,edwardsaaron@example.org
8,Rebecca George,michaelperez@example.org
9,Sara Aguilar,nicholasmullins@example.org
10,Michelle Pace,freemanjose@example.com
11,Nicole Kane DDS,jlopez@example.net
12,Edgar White,laura24@example.org
13,Jacob Schroeder,bescobar@example.com
14,Chad Patterson,byrderic@example.net
15,Donna Weiss,zreynolds@example.com
16,Amy Lopez,matthewpotter@example.net
17,Ryan Carter,cartertyler@example.org
18,Kenneth Gonzalez,jon97@example.net
19,John James,fernandezheather@example.net
20,Brent Parker,Unknown
21,Jacob Medina,rebeccabrown@example.com
22,Blake Ramirez,Unknown
23,Barbara Campbell,wjohnson@example.com
24,Mary Mcgee,victoria48@example.com
25,Kenneth Vega,jwang@example.com
26,Jonathan Bell,Unknown
27,Phyllis Herman,Unknown
28,Bryan Beck,michael85@example.net
29,Richard Stevenson,blackeugene@example.com
30,Timothy Dillon,omurray@example.com
31,Dr. John Guzman Jr.,allison40@example.com
32,Tony Martinez,dwayne45@example.org
33,Christine Vargas,tracy79@example.net
34,Emily Williams,allenbradley@example.org
35,Jackie Johnson,Unknown
36,Cassandra Mitchell,jeff80@example.org
37,Laura White,aaronschneider@example.net
38,Courtney Gates,tarahamilton@example.net
39,Diana Sanders,sweeneycorey@example.net
40,Michelle Ramirez,tyronecooke@example.org
41,Rebecca Barnes,mberg@example.org
42,Emma Keller,jenniferwoodward@example.com
43,Angela Roman,kimberlyharrington@example.com
44,Bryce Bernard,washingtonashley@example.com
45,Jerry Collins DDS,michellepeterson@example.com
46,Cynthia Carrillo,johnsonjohn@example.net
47,Scott Moss,scalhoun@example.com
48,Tammy Flores,todd17@example.org
49,Christine Nunez,ocantu@example.com
50,John Martin,michael70@example.org
51,Phillip Hernandez,Unknown
52,Leslie Stone,terrysean@example.net
53,Jason Eaton,qgriffin@example.org
54,Sheila Williams,Unknown
55,Jonathan Johnson,andrew87@example.net
56,Alexandra Wilson,heatherchang@example.net
57,John Fowler,hallstephanie@example.org
58,Scott Jimenez,luceroscott@example.org
59,Bethany Hudson,jonathan04@example.com
60,Holly Lara,wrightkelly@example.net
61,Tanya Kane,blevinstravis@example.net
62,Alexander Anderson,jamesedwards@example.com
63,Jennifer Harrison,nlee@example.com
64,Keith Briggs,william16@example.net
65,Brandon Dunn,sriddle@example.net
66,Catherine Johnson,tmason@example.org
67,Kimberly Russell,jennifer08@example.net
68,Travis Hogan,Unknown
69,Wesley Christian,judithvega@example.org
70,Sarah Greer,lindajohnson@example.org
71,Jason Baker,lindseygarner@example.org
72,Andrea Green,michaela48@example.org
73,Todd Williams,amanda40@example.net
74,Sara Ferguson,marcus87@example.com
75,Breanna Bowen,bcarter@example.net
76,Denise Nichols,Unknown
77,Kyle Gutierrez,coxconnie@example.net
78,Amanda Jones,cynthiacarson@example.com
79,Laura Smith,jenniferpeterson@example.org
80,Jessica Booth,michellecannon@example.net
81,Justin Lambert,vlucas@example.net
82,Kendra Olson,melissa72@example.com
83,Laurie Young,frankbarton@example.org
84,Amy Roberts,Unknown
85,Sheri Mathews,heather17@example.com
86,Melissa Keller,matthew41@example.org
87,Megan Snyder,ujones@example.net
88,Brittany Tapia,jasmine20@example.net
89,Dr. Stacy Johnson,ethanjohnson@example.net
90,Travis Williams,sarahedwards@example.com
91,Jeffrey Wagner,uclark@example.com
92,Elizabeth Gregory,owensdanny@example.com
93,Lonnie Galvan,james65@example.com
94,Elizabeth Foster,Unknown
95,Natalie Webb,burtonscott@example.com
96,Robin Ferguson,eortiz@example.com
97,Tracie Myers,douglas41@example.com
98,Catherine Williams,sarahfrench@example.org
99,Jonathon Dixon,jasminebecker@example.org
100,Mrs. Nicole White,monica44@example.org
101,Elizabeth Mueller,nathan75@example.net
102,Jonathon Owens,Unknown
103,Jonathan Shelton,devin36@example.org
104,Andrew Brewer,seanpatrick@example.net
105,Alex Sharp,mary60@example.org
106,Tina Allen,omoreno@example.org
107,Kimberly Cervantes,sherrymurillo@example.org
108,Michael Anderson,ruben97@example.net
109,Sonya Castillo,zmccarthy@example.org
110,Traci Stanton,gravesgina@example.org
111,Christopher Wilson,cjackson@example.com
112,Mackenzie Watson,omarquez@example.net
113,Heather Davis,kristi56@example.net
114,Richard Green,nancygarcia@example.net
115,Megan Brown,hollygrant@example.org
116,Ashley Vargas,christopher61@example.net
117,Justin Spencer,jeremy29@example.net
118,Paul Fowler,whitney54@example.net
119,Crystal Perez,Unknown
120,Jose Baker,bettyclarke@example.org
121,Kenneth King,perezjennifer@example.org
122,Marcia Tyler,langdavid@example.org
123,Robert Williams,davidharrison@example.net
124,Brenda Wiley,gail60@example.org
125,Jason Ingram,robertwilliams@example.net
126,Matthew Watson,marcusdavis@example.org
127,Michael Smith,Unknown
128,Brandon Arellano,omar13@example.org
129,Cynthia Rogers,vsavage@example.org
130,Christopher Smith,scott68@example.org
131,Michael Bell,Unknown
132,Robert Williamson,william87@example.com
133,Sarah Durham,michaeldavis@example.com
134,Anita Fisher,walter45@example.net
135,Kimberly Hampton,nathan00@example.com
136,Susan Davis,molly10@example.net
137,Kathleen Ingram,ryan67@example.org
138,Kelly Li,lance69@example.net
139,Marcus Nelson,ryanreed@example.com
140,Beth Smith,tracy19@example.net
141,Diana Franklin,cynthia19@example.net
142,Sean Lang,terri18@example.org
143,Thomas Padilla,garciajustin@example.org
144,Lisa Chen,carterpatrick@example.org
145,Ashley Wyatt,kari69@example.org
146,Nicholas Williams,vmathews@example.org
147,Harry House,rogerslarry@example.com
148,Jacob Dixon,huangsusan@example.org
149,Raymond Green,cohenmelvin@example.com
150,Lisa Dawson,Unknown
151,Stephen Smith,nicolehall@example.net
152,Elijah Lam,Unknown
153,Jacqueline Blackwell,danielle75@example.net
154,Darlene Martin,bryanjohnson@example.org
155,Gerald Wolf,Unknown
156,Lynn Mcclain,ysuarez@example.net
157,Samantha Marshall,qbenton@example.org
158,Ian Thomas DDS,paul82@example.com
159,Melissa Hernandez,icarroll@example.net
160,Michael Robinson,nowens@example.com
161,Christopher Anderson,ymcintosh@example.net
162,Emma Mercado,Unknown
163,Anthony Perez,robert23@example.net
164,Brian Luna,rbaxter@example.net
165,Whitney Gonzalez MD,christophergarcia@example.org
166,Kevin Andrews,tferguson@example.net
167,Larry Olsen,wpayne@example.org
168,Charles Michael,afernandez@example.net
169,Barbara Freeman,schroedershannon@example.net
170,Laura Andrews,andrew02@example.net
171,Dustin Love MD,ycarey@example.org
172,Barry Trujillo,smithzachary@example.net
173,Michael Miller,tanyagill@example.net
174,Linda Sanders,morrisjohn@example.net
175,Craig Doyle,hoffmanpaul@example.net
176,Susan Chambers,jessicachambers@example.net
177,Valerie Barber,carolyngross@example.org
178,Sean Williams,justinlopez@example.com
179,Jason Taylor,shaffersteven@example.net
180,Randy Brown,qdavis@example.net
181,David Solomon Jr.,Unknown
182,Scott Small,vkaufman@example.com
183,Peter Knight,Unknown
184,Ethan Carlson,janet60@example.org
185,Jeremy Watts,browndaniel@example.com
186,Erik Hunt,coxsteven@example.org
187,Melissa Medina,oross@example.com
188,Richard Perkins,lisa11@example.org
189,Patricia Ibarra,Unknown
190,Robert Anderson,sarahpham@example.com
191,Kimberly Johns,jonesbrandon@example.net
192,Fernando Taylor,ballcristina@example.org
193,Lawrence Martin,hardinjames@example.net
194,Christopher Gray,vbailey@example.org
195,Danielle Schneider,regina05@example.org
196,Timothy Smith,kingjeffrey@example.net
197,Nicole Moore,williamsdana@example.org
198,John Patel,kfritz@example.org
199,Kevin Bird,taylormichael@example.org
200,James Norton,krobinson@example.org
201,Raymond Hansen,Unknown
202,Michelle Davis,james57@example.com
203,Joseph White,pshelton@example.com
204,Michelle Hill,phamchristina@example.org
205,Nicholas Barry,destiny57@example.net
206,Derek Jennings,michael86@example.org
207,Ryan Jackson,ethantrevino@example.net
208,Ashley Russell,Unknown
209,Charles Clark,jonathantran@example.com
210,Darren Porter,Unknown
211,Mr. Benjamin Jordan,stuarthurst@example.org
212,Carol Valdez,cwilson@example.com
213,George Dean,jennifermay@example.net
214,Kimberly King,hhill@example.org
215,Kristen Fox,virginia79@example.net
216,Adam Martinez,jennifer40@example.org
217,Monica Jones,erincraig@example.org
218,Christian Wang,michaelmartinez@example.com
219,Amy Campbell,emilyhill@example.net
220,Cathy Salinas,Unknown
221,Ashley Howell,ginahodges@example.net
222,Matthew Nichols,Unknown
223,Angela Copeland,rebeccariley@example.com
224,Nicole Moore,greenangela@example.com
225,Steven Jacobs,amanda65@example.org
226,Madison Montgomery,danielle66@example.org
227,Micheal Campbell,xhodges@example.com
228,Jacqueline House,april69@example.org
229,Michelle Thomas,Unknown
230,Amber Roberson,jeff47@example.net
231,Justin Morales,Unknown
232,Sierra Sims,steventhompson@example.com
233,Sherry Stephens,ahensley@example.net
234,Patricia Leon,wporter@example.org
235,Heather Erickson,Unknown
236,James Valenzuela,dbutler@example.net
237,Mrs. Deborah Cline,catherine58@example.org
238,Steven Davis,estradaeric@example.net
239,Jack Munoz,wpeterson@example.com
240,Glenn Scott,brandon73@example.net
241,Michael Miller,robertnavarro@example.net
242,Cheryl Davis,cbranch@example.net
243,Taylor Allen,todd01@example.com
244,Richard Smith,tamaraanderson@example.net
245,Michelle Rush,lejohn@example.org
246,John Brown,andersontyler@example.net
247,Chad Warren,lunajessica@example.org
248,Jill Chase,jade69@example.org
249,Richard Fisher,ericdean@example.net
250,Tyler Harvey,simpsonmorgan@example.net
251,Robert Gutierrez,darrell09@example.net
252,Emily Shah,stephensondennis@example.net
253,Steven Powers,gabriela28@example.com
254,Cristian Buckley,elizabethbolton@example.com
255,Hayden Graves,bthompson@example.org
256,Randy Robbins,john14@example.net
257,Adam Livingston,gregorygray@example.org
258,Alexander Harper,michelle86@example.net
259,Kyle Clark,drewmurphy@example.org
260,Mrs. Rhonda James,cooperanthony@example.org
261,Russell Fletcher,joyce53@example.net
262,Taylor Morales,joanna04@example.org
263,Brittany Rodriguez,kevin41@example.net
264,Sandra Aguilar,maryhunt@example.net
265,Jason Montgomery,riosmark@example.net
266,Jennifer Reyes,rsims@example.net
267,Whitney Thomas,matthewdaugherty@example.net
268,James Lopez,rfloyd@example.net
269,Kristina Wong,johnbaker@example.net
270,Jennifer Bauer,alicia79@example.com
271,Jessica Clark,matthew13@example.net
272,Julie Deleon,tboone@example.net
273,Frederick Harris,zallen@example.net
274,Sean Hawkins,andrew85@example.net
275,Lawrence Evans,allenjessica@example.org
276,Eric Robinson,Unknown
277,Aaron Martinez,kara88@example.com
278,Miss Brittany Gilbert,Unknown
279,Tim Vega,steven19@example.net
280,Christopher Wallace,shopkins@example.net
281,Amber Park,shelia95@example.org
282,Alexander Andrews,bennettmegan@example.net
283,Dennis Carter,ashleyhunt@example.net
284,Tasha Huang,ohunter@example.com
285,Kevin Shaw,Unknown
286,William Odonnell,Unknown
287,Mark Moreno,wreid@example.net
288,David Young,brandoncontreras@example.org
289,Jack Martinez,hturner@example.com
290,Justin Johnson,breweralyssa@example.net
291,Paul Sanchez,ugilbert@example.net
292,Luis Smith,linda77@example.org
293,Willie Alvarado,istewart@example.com
294,Stacy Roberts,william61@example.net
295,Lynn White MD,scottedward@example.net
296,Christine Adams,colleenbeard@example.com
297,Meghan Robinson,beth67@example.com
298,Darrell Little,jennifer92@example.org
299,Matthew Duncan,uwalker@example.net
300,Amber Farley,brittneyowens@example.net
301,Jennifer Weaver,kiddjason@example.com
302,Molly Taylor,garrettjohnson@example.org
303,Steven Rivera,zmahoney@example.org
304,Heidi Henry,Unknown
305,Joseph Mays,nealandrew@example.net
306,Charles Richardson,vreese@example.com
307,Scott Miller,jonesmichelle@example.net
308,Benjamin Peterson,vwilliams@example.com
309,Mikayla Olsen,sarah79@example.org
310,Sonia Hernandez,Unknown
311,Kathleen Johnson,larsonjames@example.com
312,Kimberly Patton,kellererin@example.org
313,Amy Hawkins,steinkara@example.org
314,Judy Williamson,Unknown
315,Patrick Oconnell,mary87@example.com
316,Nancy Pittman,dbradley@example.org
317,Christine Howell,josephmoore@example.org
318,Jean Morris,gonzalezstacy@example.net
319,Kenneth Fisher,mollybarton@example.org
320,James Vazquez,kelly16@example.org
321,Bethany Edwards,ewiley@example.org
322,Pamela Thomas,antonio54@example.com
323,Eric Schneider,Unknown
324,Alexander Adams,larryunderwood@example.net
325,Sophia Greer,courtneyhodges@example.net
326,Michael Day,marc37@example.com
327,David Lucas,valerie37@example.org
328,Matthew Harris,watsondeanna@example.com
329,Michael Frederick,fosterrussell@example.net
330,Todd Turner,johnsonjoshua@example.com
331,Adam Burgess,villarrealryan@example.net
332,John Hall,staffordmatthew@example.com
333,Jimmy Andrews,webstermichelle@example.com
334,Samantha Scott,katiewilson@example.org
335,Anthony Steele,lloydanthony@example.org
336,David Norris,callahanmakayla@example.org
337,Tom Smith,pellis@example.org
338,Michelle Allison,Unknown
339,Nicole Gomez,mccartyemily@example.net
340,Jennifer Dillon,pauleverett@example.com
341,Christina Ortega,rwalker@example.com
342,Brian Mcfarland,michael06@example.org
343,John Evans,shawruben@example.net
344,Regina Simmons,victoria28@example.net
345,Taylor Lee,harrisonchristopher@example.com
346,Matthew Richmond,edwin47@example.net
347,Cassandra Johnson,william06@example.com
348,Robert Vaughn,shannonpeters@example.net
349,Travis Snow,eturner@example.org
350,Benjamin Mueller,wesleygarcia@example.org
351,Patrick Navarro,jason36@example.org
352,Robert Graves,bethmelton@example.net
353,Wesley Harris,jacquelineduke@example.org
354,Christine Lee,meganbarnett@example.com
355,James Davis,Unknown
356,Bobby Gomez,stonechristina@example.net
357,Robert King,mathewsmelissa@example.org
358,Melissa Smith,hallheather@example.net
359,Lisa Golden,molly53@example.net
360,Ashley Torres MD,amybailey@example.com
361,Diana Cooper,johnsonchristopher@example.com
362,Donald Foster,daniellarson@example.org
363,Joy Jackson,riverajessica@example.net
364,Kelly Hansen,imullen@example.com
365,Susan Hernandez,emmagutierrez@example.com
366,Amanda Roth,brianwhite@example.com
367,Joy Mitchell,thomas10@example.org
368,David Taylor,adam04@example.com
369,Kayla Williams,cartersarah@example.net
370,Mark Stanton,coreybarrett@example.net
371,Barbara Nguyen,emily14@example.org
372,Paul Burch,clinton99@example.net
373,Bryan Sanchez,nkhan@example.com
374,Michael Cook,jamieparsons@example.com
375,Brian Perez,Unknown
376,Timothy Williams,stevenskathleen@example.com
377,Rebecca Smith,Unknown
378,Mr. John Jackson,sharpbrett@example.net
379,Haley Singh,lmoore@example.com
380,Wendy Douglas,fuentesrichard@example.net
381,Michaela Hicks,Unknown
382,Tina Gonzalez,duane00@example.net
383,David Warren,brenda34@example.org
384,Anita Cunningham,psmall@example.net
385,Hannah Armstrong,Unknown
386,Sarah Mcdaniel,mhansen@example.net
387,Samuel Martinez,thomasstacy@example.org
388,Ethan Jones,duane22@example.com
389,Veronica Wilson,sean26@example.com
390,Derek Garcia,Unknown
391,Andrew Jennings,ohernandez@example.net
392,Heather Nguyen,khutchinson@example.org
393,Cory Summers,rpierce@example.net
394,Kevin Combs,Unknown
395,Jacqueline Hill,mmorgan@example.net
396,Laurie Pena,xjoyce@example.net
397,Rebecca Martinez,david18@example.com
398,Richard Bright,michael65@example.com
399,Robert Ritter,castroerica@example.org
400,Karla Horton,roberto43@example.net
401,Laura Miller,halljames@example.com
402,Terry Stewart,julie97@example.net
403,Kimberly Lambert,mario29@example.org
404,Alexa Jones PhD,tammy78@example.com
405,Brandon Smith,ruizsteven@example.net
406,Brandon Barton,millerdanny@example.org
407,Keith Hernandez,madams@example.com
408,Billy Mullins,rreynolds@example.net
409,Garrett Stone,lwilliamson@example.net
410,Maria Robinson,hcamacho@example.com
411,Mary Jackson,kylesanchez@example.org
412,Susan Andrews,garyrobinson@example.net
413,David Wilson,isaacortega@example.com
414,Michelle Foster,bridgesheather@example.net
415,Janet Mcgrath,lwilson@example.net
416,Andrew Williams,Unknown
417,Luis Lin,rosalesbrian@example.org
418,Jacqueline Smith DVM,anthony63@example.net
419,Sheila Collins,katherine53@example.org
420,Leslie Duncan,vcoleman@example.org
421,Mariah Smith,roblesdaniel@example.com
422,Tammy Cox,tammy05@example.com
423,Joann Lucero,kathy24@example.com
424,Brian Zuniga,davidsonsteven@example.org
425,Travis Garcia,ritterkatie@example.net
426,Benjamin Williams,cwhite@example.com
427,Justin Nelson,cassandraodonnell@example.com
428,Mr. Samuel Hernandez,dchambers@example.org
429,Randy Tran,yhernandez@example.com
430,David Gomez,tylerwright@example.com
431,Kimberly Brown,Unknown
432,Maria Roberson,michelemccoy@example.net
433,Charlotte Smith,gibsonsophia@example.net
434,Juan Mitchell,evansamanda@example.net
435,Jacob George,Unknown
436,Regina Jones,Unknown
437,Arthur Lawson,whiteelizabeth@example.net
438,Alison Parsons,maria86@example.com
439,Rachel Lopez,jallen@example.org
440,Miranda Hutchinson,lucaskevin@example.com
441,Lisa Ruiz,johnsonmichael@example.com
442,Andre Cervantes,cvaughn@example.com
443,Larry Foster,williamwells@example.net
444,Tyler Castillo,meganmunoz@example.net
445,Christian Avila,Unknown
446,Kaitlin Moses DDS,caldwellronald@example.net
447,Alejandra Fischer,xball@example.net
448,Ronald Wilson,yclarke@example.net
449,John Gibson,osmith@example.net
450,Steven Gordon,richardwalker@example.org
451,Karl Malone,tonya15@example.com
452,Jessica Galvan,lisacraig@example.net
453,Amy Ward,qwheeler@example.net
454,Michelle Hunter,njohnson@example.org
455,Mike Burton,tyler32@example.com
456,Darrell Hernandez,lewisrenee@example.net
457,Richard Rogers,jennifer03@example.net
458,Jeffrey Wise,jordanelizabeth@example.org
459,Michelle Mendoza,jennifer50@example.net
460,Robert Manning,sandrastewart@example.com
461,Christopher Harding,rangelmatthew@example.com
462,Andrew Taylor,mary65@example.net
463,Michael Reilly,benjamin41@example.org
464,Gabrielle Barnes,jbrooks@example.org
465,Katherine Mccarthy,kathryn56@example.net
466,Margaret Ortiz,perezjennifer@example.net
467,Joshua Young,teresaromero@example.org
468,Clifford Perez,ramirezethan@example.net
469,Christina Gonzales,wfarrell@example.org
470,Justin Boyd,zstewart@example.org
471,Brandon Kirby,Unknown
472,Rebecca Bean,donaldsmith@example.org
473,Jennifer Stark,Unknown
474,Jose Rosales,kristenwilkerson@example.net
475,Michael Smith,jacob88@example.com
476,Brent Andersen,dwilliams@example.net
477,Tina Brown,lpacheco@example.org
478,Jessica Mckee,jtaylor@example.net
479,Bryan Craig,seanmurphy@example.com
480,Lisa Garner,fpowell@example.com
481,Jacob Hart,virginiaparker@example.org
482,Bryan Miller,msimmons@example.com
483,Aaron Richardson,kaitlynhaley@example.com
484,David Brown,turnerlydia@example.org
485,Peter Orozco,christopher67@example.org
486,Jose Taylor,david68@example.org
487,Makayla Morgan,rayjames@example.com
488,Joy Rivera,hflores@example.net
489,Lynn Rodriguez,nathaniel99@example.com
490,Daniel Lee,katherinepalmer@example.org
491,Steven Jones,howelladam@example.com
492,Joseph Whitaker,carpenteramanda@example.com
493,Jackie Gonzalez,edwardsalyssa@example.org
494,Joseph Wilson,stephen06@example.net
495,Tracy Walker,duffyjohnny@example.com
496,Sarah Smith,steven17@example.com
497,Kimberly Garcia,jenniferreed@example.net
498,Mr. William Garrison DDS,ricesarah@example.com
499,Daniel Christian,hendricksshane@example.org
500,Laura Walters,brittany97@example.org
501,Thomas Mason,williamrivas@example.org
502,Amy Lowery,Unknown
503,Stacey Mckenzie,wilsonbenjamin@example.net
504,Jennifer Herman,mwilson@example.com
505,Phillip Vincent,mary03@example.com
506,William Reynolds,ivalentine@example.net
507,Todd Rivera,Unknown
508,Taylor Mcmahon,oguzman@example.org
509,Patrick Diaz,nnewton@example.org
510,James Simmons,Unknown
511,Michael Vang,karenrosario@example.net
512,Ashley Martinez,shayden@example.com
513,Clifford Moon,daniel86@example.com
514,Frank Salinas,astrong@example.net
515,John Mendoza,jim55@example.org
516,Michelle Hernandez,zparker@example.net
517,Tammy Cervantes,richardjackson@example.org
518,Matthew Bailey,randalldavis@example.org
519,Cynthia Davis,jose88@example.org
520,Devin York,dana10@example.com
521,Joseph Rodriguez,rwheeler@example.com
522,Kevin Smith,holly40@example.org
523,Anna Harris,allison31@example.net
524,Jessica Jones,williamsjuan@example.org
525,Christopher Cox,melissajohnson@example.org
526,Brittany Johnson,ccummings@example.net
527,Amy Jones,yolandagarcia@example.com
528,Matthew Nelson,michael64@example.org
529,Carla Burns,bakerbrittany@example.net
530,Christopher Holland,pkane@example.net
531,Kevin Mahoney,annafuller@example.com
532,David Everett,taylortyler@example.net
533,Matthew Knox,iwalker@example.com
534,Brittney Doyle,leejustin@example.com
535,Kathryn Smith,james34@example.net
536,Michelle Wilson,jerry40@example.org
537,Mrs. Stacy Cunningham,mary86@example.net
538,Stephanie Harrington,shepardtiffany@example.net
539,Courtney Schmitt,lnavarro@example.org
540,Terry Schmidt,zunigaian@example.org
541,Deborah Cohen,sfrancis@example.com
542,Dr. Matthew Graham,tina22@example.net
543,David Strong,michelle16@example.net
544,Bradley Lynch,blake18@example.net
545,William Bray,Unknown
546,Dawn Morales,stephanie92@example.com
547,Darlene Romero,ocrawford@example.org
548,Jeffery Patel,byrdchris@example.net
549,Donald Willis,dmyers@example.com
550,Donna Steele,travis47@example.com
551,Michael Bennett,Unknown
552,Brittany Davis,kcurtis@example.com
553,Jimmy Woods,Unknown
554,Shannon Hardin,hbecker@example.net
555,Michael Tran,Unknown
556,Rebecca King,zimmermanjustin@example.net
557,Kevin Mendez,aprince@example.net
558,Dennis Taylor,gregory92@example.org
559,Robert Campbell,paul49@example.org
560,Tonya Harris,carlpadilla@example.com
561,Michael Thompson,davidjohnson@example.com
562,Albert Mitchell,Unknown
563,Kristopher Smith,brittanyparker@example.net
564,Kyle Deleon,Unknown
565,Alexa Bryant,andrew62@example.net
566,Crystal Hawkins,pmartin@example.org
567,Jessica Mendoza,Unknown
568,Gregory Ramirez,ashleydavila@example.com
569,Derrick Carlson,hkrueger@example.org
570,Sarah Harper,Unknown
571,Peter Sanders,robertbowman@example.com
572,Stacy Hernandez,tanya92@example.net
573,Stephen Kennedy,serranodaniel@example.com
574,Edward Owens,veronica87@example.net
575,Rebecca Conrad,markhaley@example.net
576,Paul Bell,kgonzalez@example.org
577,Douglas Tanner PhD,Unknown
578,Christine Fletcher,ubowers@example.com
579,Chase Anderson,conwayrobert@example.com
580,Alexis Cole,katherine24@example.org
581,Evan Nelson,bradwilliams@example.com
582,Bethany Brown,richardhunter@example.org
583,Raymond Hardy,wbowers@example.net
584,Margaret Rowland,flynnbrian@example.org
585,Johnny Graves,Unknown
586,Teresa Williams,znielsen@example.com
587,Caroline Mccarthy,uwolf@example.net
588,Ronald Boone,martinezkimberly@example.org
589,Caitlin Kirby,dmartinez@example.net
590,Thomas Davis,cathyperez@example.com
591,Heidi Acevedo,alexa27@example.com
592,Christina Powell,kfry@example.com
593,Anita Gutierrez,clarkjames@example.com
594,Jennifer Flowers,lmadden@example.com
595,Gloria Morales,jennifermoran@example.net
596,Jennifer Young,jesserodriguez@example.com
597,Mark Martinez,Unknown
598,Jillian Hunter,stacydavis@example.net
599,Erin Hunter,ysilva@example.org
600,Emma Morton,danielanderson@example.com
601,Paul Cross,tgilbert@example.net
602,Jason Pittman,wongwillie@example.com
603,Anthony Hall,stuartmark@example.org
604,Cory Hernandez,xdiaz@example.org
605,Marissa Oconnell,hayesluis@example.net
606,Andrea Campbell,mfarrell@example.com
607,Brandy Wilson,veronicagray@example.org
608,Daniel Banks,kennedyjames@example.org
609,Rhonda Torres,dawnpeterson@example.net
610,Robert Campbell,katherinepage@example.net
611,Casey Berg,Unknown
612,Christopher Le,justin76@example.com
613,Lynn Carney,vchavez@example.com
614,Jennifer Church,erinlewis@example.org
615,Benjamin Middleton,ijones@example.org
616,Bradley Dixon,lisakennedy@example.org
617,Daniel Mcdowell,jodi49@example.org
618,Jessica Park,laurenalexander@example.net
619,William Clark,stephanie15@example.org
620,Danielle Friedman,emilystokes@example.net
621,Joanna Sims,Unknown
622,Teresa Perez,bjackson@example.org
623,Rachel White,dthomas@example.org
624,Christopher Henderson,danielleflores@example.net
625,Jessica Nelson MD,chandlerbruce@example.org
626,Joseph Robinson,diane29@example.org
627,Timothy Fitzgerald,turneralexander@example.com
628,Sarah Juarez,tiffany61@example.org
629,Melissa Scott,james10@example.net
630,Kenneth French,Unknown
631,Troy Salinas,rnguyen@example.org
632,John Frederick,ryanharris@example.com
633,Collin Richardson,wwilcox@example.com
634,Isaiah Smith,james29@example.com
635,Scott Sanders,lauren94@example.org
636,James Martinez,kpruitt@example.com
637,Jason Morton,kellybranch@example.com
638,Lauren Wilkins,jeffery82@example.net
639,Joshua Rose,amandashields@example.com
640,Marissa Valencia,gutierrezcameron@example.org
641,Michele Henry,qallen@example.com
642,Herbert Gomez,veronicaprice@example.org
643,Angela Marshall,howellmargaret@example.com
644,Jason Mcknight,dominguezdenise@example.net
645,Karen Oconnell,james60@example.org
646,Dana Shannon,joshua23@example.org
647,Kimberly Johnson,mthompson@example.com
648,Jennifer Gonzalez,vreyes@example.net
649,Tammy Moore,victorgibson@example.net
650,Maria Barnes,jwilliams@example.org
651,Lindsey Wright,stephaniepatrick@example.com
652,Diane Calderon,jacquelinewilkins@example.net
653,Wendy Ferrell,caitlin78@example.net
654,Robert Ponce,holdenhunter@example.com
655,William Johnson,michaelacosta@example.com
656,Bryan Bentley,randerson@example.com
657,Aaron Brewer,mfriedman@example.com
658,Christine White,mbird@example.org
659,Gabrielle Savage,steeletiffany@example.com
660,Lori Adams,marybush@example.com
661,Jackie Jones,eclayton@example.com
662,Jessica Parker,cwalters@example.org
663,James Anderson,lprince@example.org
664,Frank Cunningham,brucesmith@example.net
665,Jeremy Stewart,pollardrebecca@example.com
666,Harold Hampton MD,daniel91@example.com
667,John Johnson,dcraig@example.org
668,Alexander Shepherd,barnetttamara@example.org
669,Kayla Smith,phillipmartinez@example.org
670,Jordan Jenkins,karenbutler@example.net
671,Theresa Ramsey,marshallnicholas@example.com
672,Amy Jennings,jose45@example.com
673,Gregory Santana,Unknown
674,Samantha Davis,amandafrye@example.net
675,Drew Hughes,gcontreras@example.org
676,Dr. Jennifer Chase,zbyrd@example.org
677,Courtney Fletcher,qholmes@example.net
678,Nancy Morris,pwilkins@example.org
679,Richard Bell,ronaldmatthews@example.com
680,Darren Grant,kruegercassandra@example.org
681,Brian Smith,camachodavid@example.org
682,Sierra Lindsey,jeremy73@example.net
683,Jennifer Daniels,tlarson@example.org
684,Melissa Henry,dennismcdonald@example.net
685,Cindy Robinson,nicholasjackson@example.com
686,Danielle Rangel,jonathanjohnson@example.org
687,Adam Blevins,janthony@example.org
688,Donna Phillips,angela94@example.net
689,Paula Franco,samantharichardson@example.net
690,Shawn King,madkins@example.org
691,Tina Abbott,gilbertmadison@example.org
692,Megan Carpenter,joelfischer@example.org
693,Cassandra Rush,nevans@example.net
694,Robert Russell,keithestrada@example.org
695,Kathryn Faulkner,evelyn98@example.org
696,Jennifer Walsh,monroetrevor@example.net
697,Sherry Carson,samanthapowell@example.org
698,Christine Evans,barbara97@example.com
699,Stephanie Johnson,george47@example.com
700,Scott Vang,carolwright@example.net
701,Vickie Nguyen,wfoster@example.net
702,Julia Sparks,zlester@example.com
703,Nicholas Murray,jenkinsmary@example.net
704,Michelle Barron,ktran@example.net
705,Charles Fox,elizabeth68@example.com
706,Jared Cordova,larry26@example.com
707,Courtney Lewis,austinpatel@example.net
708,Daisy Graves,brittany75@example.org
709,Christopher Avila,oliviagarcia@example.org
710,Gregory Ramirez,michealmurphy@example.com
711,Paula James,fieldsedward@example.net
712,James Mann,whitecurtis@example.org
713,Lisa Rice,ealexander@example.com
714,Bridget Lewis,anthony21@example.net
715,James Rogers,hmcgrath@example.com
716,Damon Hansen,timothyevans@example.net
717,Michelle Mcdonald,ryanwiggins@example.org
718,Victoria Gutierrez,amywalker@example.com
719,Mark Snyder,ghall@example.org
720,Rebecca Todd,mary17@example.net
721,Amanda King,joshuacarr@example.com
722,Colin Foley V,juannixon@example.org
723,Sarah Jones,fergusonstephen@example.org
724,Chelsea Nunez,gtaylor@example.net
725,Mary Estrada,hunterbrenda@example.org
726,Carrie Jordan,jane39@example.org
727,Edwin Wall,kendra73@example.org
728,Jared Anderson,mariaparker@example.net
729,Erica Robinson,perezsamuel@example.com
730,Trevor Chase,ralphwilliams@example.com
731,Valerie Cortez,aaron82@example.com
732,Christopher Gaines,Unknown
733,Anthony Terry,hamiltonivan@example.net
734,Mark Davis,angelicavelez@example.net
735,Mary Gross,aguirrerobert@example.net
736,Daniel Bender,powelljeremiah@example.net
737,Philip Hughes,utucker@example.com
738,Connie Vaughn,brownbrittney@example.com
739,Lisa Fletcher,jennabrown@example.com
740,Amber Harris,hashley@example.org
741,Kristina Wong,coopersteven@example.net
742,Matthew Brooks,geoffreycastro@example.org
743,Alexis Arnold,jaime47@example.net
744,Michael Arroyo,mario41@example.org
745,Joy Davis MD,nelsonshelby@example.org
746,Jasmine Jackson,william87@example.org
747,Richard Lane,obailey@example.com
748,Kyle Hall,mark65@example.com
749,Steven Mcintosh,yklein@example.net
750,Alexander Nixon,juan74@example.com
751,Elizabeth Andrews,tylercandice@example.org
752,Katherine Watts,misty51@example.org
753,Stephanie Pierce,Unknown
754,Susan Thomas,george35@example.org
755,Jessica Noble,bradley68@example.org
756,Stephanie Harvey,mferguson@example.net
757,Kim Hodges,xedwards@example.net
758,Jeffrey Richmond,kathleenthompson@example.org
759,Bobby Smith,chicks@example.com
760,Tara Zimmerman,lisasanders@example.net
761,Keith Ware,tammy50@example.com
762,Courtney Martin,asmith@example.net
763,James Lynch,twilson@example.org
764,Michael Smith,thomasfoster@example.com
765,James Ryan,lcarpenter@example.com
766,Jennifer Cross,brian17@example.net
767,Michelle Arroyo,monica22@example.org
768,Bradley Bradley,Unknown
769,Thomas Barajas,tsmith@example.com
770,Sara Roberts,urobinson@example.net
771,Alyssa Parsons,edward36@example.com
772,Gabriel Vasquez,hsmith@example.org
773,Lisa Perez,omiller@example.net
774,Michelle Allison,madeline68@example.com
775,Keith Juarez,james19@example.com
776,Anthony Horton,vsmith@example.com
777,Melanie Dean,sjohnson@example.com
778,David Middleton,fhernandez@example.org
779,Angela Long,tammysmith@example.com
780,David Scott,barbaramartinez@example.org
781,Sherri Parker,jacksonpaige@example.net
782,Elizabeth Norris,Unknown
783,Shawn Sampson,eric63@example.net
784,Anthony Taylor,Unknown
785,Joshua Johnson,mwright@example.org
786,Kenneth Parker,sullivanjamie@example.net
787,Erica Gonzalez,jamesjones@example.net
788,Shelley Vang,Unknown
789,Samuel Archer,jacksonsara@example.com
790,Stephanie Frost,margaret44@example.net
791,Anthony Kerr,Unknown
792,Julie Jacobs,Unknown
793,Larry Jones,Unknown
794,Seth Garrison,dbrown@example.org
795,Mikayla Liu,justinfox@example.net
796,Mary Ramirez,david63@example.org
797,Jennifer Cooper,careykenneth@example.org
798,Margaret Ruiz,jeffrey18@example.net
799,Sarah Smith,kevinhart@example.com
800,Amber Cox,showell@example.org
801,Jonathan Garcia,wandagibbs@example.org
802,Amy Gray,patricia16@example.org
803,Tiffany Flynn,freemanlaurie@example.net
804,Brett Sawyer,Unknown
805,Annette Romero,brandonharrison@example.org
806,Jasmine Reed,Unknown
807,Crystal Houston,jenniferhaynes@example.net
808,Jessica Edwards,jdavis@example.net
809,Heather Dillon,janeperez@example.net
810,Barbara Everett,williamsrobert@example.com
811,Marcia Wolfe,bbryan@example.com
812,Michael Cowan,jennifer99@example.com
813,Brittany Jenkins,ayaladennis@example.org
814,Brett Hernandez,patricia01@example.net
815,Katherine Schwartz,ngonzalez@example.com
816,Gary Huffman,sherryharris@example.com
817,Antonio Sanders,qgarcia@example.com
818,Amy Hess,rmatthews@example.com
819,Nicholas Stanley,juliemccann@example.org
820,Christopher Miller,barrybenton@example.com
821,Barry West,pjenkins@example.org
822,Lisa Coffey,briannaharris@example.org
823,Johnathan Miller,matthewanderson@example.net
824,Kelli Long,timothy04@example.com
825,Jason Sanchez,Unknown
826,Chad Lee,mathewsashley@example.com
827,Heather Everett,Unknown
828,Mr. Ryan Sanders,theresacarney@example.net
829,Christopher Gordon,alexandriamyers@example.org
830,Allen Lloyd,kaylapaul@example.net
831,Scott Forbes,anthonydavis@example.org
832,Sandra Strickland,carterkimberly@example.net
833,Meghan Peters,jamesbrown@example.net
834,Melanie Payne,Unknown
835,Mrs. Amanda Mcdaniel MD,prodgers@example.com
836,Megan Huynh,qanderson@example.com
837,Christopher Faulkner,christinetapia@example.org
838,Jennifer Patterson,mayosean@example.net
839,Terri Holt,Unknown
840,Vicki Hudson,lisa47@example.net
841,Jerry Ray,jeremy66@example.com
842,Shannon Martinez,ugill@example.net
843,Melinda Johnson,angela13@example.net
844,Zachary Marshall,fhawkins@example.net
845,Eric Perez,nicolehobbs@example.org
846,Tanya Gutierrez,calvingrimes@example.net
847,Lori Parker,jimenezdavid@example.org
848,Megan Long,sheri14@example.com
849,Misty Peterson,rmartinez@example.org
850,Mary Johnson,johnhumphrey@example.org
851,Jessica Mcdonald,nealderek@example.net
852,Tricia Bailey,jgross@example.net
853,Kaitlyn Young,brandon17@example.org
854,Meredith Jones,kathrynjohnson@example.org
855,Micheal Lane,jacob85@example.net
856,Andrew Curry,garciabrandon@example.com
857,Brittany Kim,debbie90@example.org
858,Julie Martinez,amandacase@example.org
859,Andrea Johnston,vreed@example.com
860,Sarah Brown,jerryandrews@example.org
861,Tricia Sims,iberry@example.org
862,Tammy Wang,smithcheyenne@example.org
863,Brandon Fleming,nicolemcdonald@example.net
864,Morgan Perry,josephclark@example.net
865,Michael Flynn,christopherlucas@example.net
866,Stacy Willis,taylorcaroline@example.com
867,Matthew Smith,vickilopez@example.org
868,Stephanie Green,justinwright@example.net
869,Douglas Parks,imiddleton@example.com
870,Christina Lopez,kaylacruz@example.org
871,Brian Harris,edward95@example.com
872,Chris Hart,ashleymatthew@example.com
873,Christopher Gonzalez,kperkins@example.net
874,Nicholas Williams MD,destiny61@example.net
875,Susan Castillo,vwilson@example.org
876,Tracey Alvarado,miawilliams@example.org
877,Lawrence Shah,dcarey@example.com
878,Andrew Fox,kristopherkelly@example.org
879,Tammy Guerrero,christopher31@example.com
880,Brenda Kim,bmorgan@example.com
881,Ryan West,uknox@example.com
882,Judith Watts,susan92@example.com
883,Stephanie Waters,rcochran@example.org
884,Stephanie Craig,Unknown
885,Natalie Camacho,peggyfranklin@example.com
886,Timothy Humphrey,vstark@example.com
887,Brian Moore,jbruce@example.org
888,Jessica Ruiz,fletcheranna@example.com
889,Alicia Powers MD,bakerjustin@example.net
890,Felicia Black,sjackson@example.org
891,Sean Miller,dmason@example.net
892,James Hubbard,melissa96@example.com
893,Caitlin Gomez,Unknown
894,David Lara,richardreyes@example.net
895,Bruce Watts,neilgallegos@example.com
896,Scott Diaz,Unknown
897,Tony Stewart,fcole@example.org
898,Joseph Torres,mariahayes@example.net
899,Cheryl Valenzuela,Unknown
900,Patrick Middleton,perezjoy@example.org
901,John Caldwell,ureynolds@example.org
902,Paul Robbins,brent52@example.net
903,James Tran,ndavis@example.com
904,Cynthia Lopez,qharris@example.org
905,Catherine Miles,joshua52@example.org
906,John Maxwell,hilllaura@example.net
907,Jason Williams,Unknown
908,Frank Ramirez,lruiz@example.org
909,Christopher Lyons,ana85@example.org
910,Paul Washington,james31@example.com
911,Deanna Robinson,jamespayne@example.net
912,Rachel Andersen,rperez@example.org
913,Phyllis Wade,warnerholly@example.com
914,Robert Valencia,Unknown
915,Rachael Watson,randall94@example.org
916,Seth Massey,Unknown
917,Julie Lopez,zrogers@example.com
918,Denise Beltran,xlogan@example.org
919,Theresa Williams,sally85@example.com
920,Amy Rivas,andersonraymond@example.net
921,Nicolas Spencer,brodriguez@example.org
922,Holly Lee,shortjoshua@example.net
923,Isabel Lewis,staylor@example.org
924,John Lin,jennifer33@example.org
925,Alicia Weeks,jessicahall@example.com
926,Crystal Bush,calebrodriguez@example.net
927,Jorge Lambert,courtneymcfarland@example.net
928,Patricia Harper,dparrish@example.org
929,Amy Gutierrez,kristahill@example.org
930,Richard Baker,mjones@example.com
931,Robert Kelley,zthomas@example.net
932,Eric Leonard,omoreno@example.com
933,Melissa Martin MD,hughesamy@example.com
934,Mary Green,lisadavis@example.com
935,Elizabeth Page,ericasanders@example.org
936,Brenda Mueller DVM,colemichele@example.com
937,Jennifer Thornton,moyercameron@example.com
938,Courtney Juarez,crussell@example.org
939,Nicole Benjamin,dlawson@example.com
940,Joel Clark,gabrielle95@example.org
941,Michael King,csanchez@example.net
942,Julia Matthews,smack@example.org
943,Victor Mcbride,hermanmark@example.com
944,Tanya Watts,stevengarcia@example.net
945,Timothy Davis,richardmurphy@example.com
946,Matthew Hawkins,mendozajustin@example.net
947,Rebecca Abbott,bwarner@example.org
948,Marilyn Garcia,Unknown
949,Stacey Ashley,barbara25@example.com
950,Frances Green,bmcneil@example.com
951,Emily Hahn,tiffanycox@example.net
952,Kayla Green,christopher80@example.net
953,Stephanie Long,joshuajohnson@example.net
954,Kimberly Manning,allen19@example.com
955,Theresa Ray,barronsharon@example.org
956,Charles Bennett,psandoval@example.org
957,Melissa Lopez,oscar04@example.com
958,Bruce Nguyen,moranjason@example.org
959,John Nguyen,portega@example.com
960,Donna Smith,gibbsvictoria@example.net
961,Caleb Hubbard,ifrazier@example.com
962,Rebecca Cummings,alexanderoconnor@example.org
963,Stephanie Mccann,Unknown
964,Aimee Harrison,mcconnellanna@example.com
965,Mrs. Marie Mosley,brownchristopher@example.net
966,Kyle Lindsey,Unknown
967,Kiara Thompson,williamsjohn@example.org
968,Patricia Davenport,sharpmichael@example.com
969,Brian Meza,randynewton@example.net
970,Sean Morales,colleen04@example.com
971,Candice Coleman,vickie34@example.net
972,Michael Henderson,kayla73@example.org
973,Blake Edwards,Unknown
974,James Richardson,seansanders@example.org
975,Carla Wilson,lroberts@example.net
976,Sandra Gutierrez MD,cbest@example.net
977,Devin Phillips,halljoshua@example.org
978,Matthew Watkins,amber57@example.net
979,Annette Avila,Unknown
980,Katherine Schultz,robertsjames@example.net
981,Tracy Roberts,keithroberts@example.com
982,Christopher Harper,castromatthew@example.com
983,Andrew Hall,tanyagriffith@example.org
984,Alexis Harding,sullivanerin@example.org
985,Diane Wells,gabriel03@example.org
986,Jennifer Brock,vshaw@example.org
987,Angela Levine,kimberlyellis@example.com
988,Courtney Jones,Unknown
989,Vincent Walters,ashleylynn@example.org
990,Andrew Rodriguez,greenbarry@example.com
991,Matthew Massey,rschmidt@example.com
992,Jessica Howell,david62@example.com
993,Stephanie Griffith,manndavid@example.org
994,Melinda Cannon,Unknown
995,Marc Wilkins,williamsjacqueline@example.net
996,Lauren Hines,robertmaxwell@example.com
997,Roy Garcia,johnsonangela@example.org
998,Bruce Chung,lori61@example.org
999,Leslie Carter,zreed@example.com
1000,Jonathan Richards PhD,chambersanthony@example.org
